code,system
647Q.00,readv2
647Z.00,readv2
647N.00,readv2
22A2.00,readv2
647H.00,readv2
Q115.00,readv2
647J.00,readv2
647E.00,readv2
22A1.00,readv2
22A4.11,readv2
647P.00,readv2
Q115000,readv2
647M.00,readv2
647F.00,readv2
6479.00,readv2
6478.00,readv2
647I.00,readv2
647D.00,readv2
22A4.00,readv2
647A.00,readv2
22K4.00,readv2
22A..00,readv2
647G.00,readv2
22A5.00,readv2
22Z..00,readv2
6471.00,readv2
647..00,readv2
Q120.00,readv2
647L.00,readv2
647K.00,readv2
22A3.00,readv2
647B.00,readv2
Q114000,readv2
647C.00,readv2
636..12,readv2
647O.00,readv2
Q111.00,readv2
T3326BC,readv2
T3326BA,readv2
T3324PW,readv2
T3324WC,readv2
22A5.11,readv2
22K7.00,readv2
Q114.00,readv2
22K3.00,readv2
22K8.00,readv2
22K1.00,readv2
L3333NN,readv2
L3333NA,readv2